District,Crime_Year,Total_Crime
11,2001,27662
14,2001,22550
10,2001,19654
25,2001,27938
6,2001,25491
12,2001,24896
5,2001,20005
2,2001,35413
4,2001,25119
7,2001,26603
17,2001,14488
3,2001,24318
15,2001,20125
19,2001,22758
22,2001,14954
9,2001,24093
24,2001,15115
8,2001,31359
16,2001,16021
20,2001,9988
18,2001,22528
1,2001,14863
7,2002,28125
11,2002,30063
10,2002,19460
18,2002,22316
5,2002,21095
14,2002,22390
3,2002,23557
9,2002,25315
1,2002,17974
6,2002,25315
24,2002,15020
19,2002,22904
2,2002,27048
17,2002,14429
8,2002,32098
25,2002,27840
20,2002,9153
15,2002,20445
16,2002,16066
4,2002,25833
12,2002,24682
22,2002,15675
8,2003,31708
6,2003,25461
5,2003,19950
3,2003,23581
11,2003,30020
4,2003,26145
22,2003,14960
25,2003,28373
17,2003,13975
9,2003,25292
15,2003,21332
12,2003,25000
14,2003,20595
7,2003,27866
10,2003,19085
20,2003,8262
2,2003,25099
18,2003,20381
19,2003,21486
24,2003,13934
1,2003,17570
16,2003,15879
25,2004,26993
6,2004,26109
8,2004,31404
4,2004,26143
11,2004,29324
15,2004,20262
7,2004,28736
10,2004,20367
3,2004,24278
2,2004,23760
14,2004,19027
24,2004,14399
9,2004,23703
17,2004,13060
20,2004,8370
5,2004,20500
12,2004,24229
18,2004,20173
1,2004,17579
19,2004,21041
22,2004,15440
16,2004,14523
6,2005,25616
4,2005,24991
3,2005,24223
18,2005,18760
19,2005,19532
7,2005,27467
25,2005,26474
5,2005,20372
20,2005,8730
24,2005,14324
14,2005,16958
2,2005,21962
9,2005,22870
10,2005,19273
22,2005,15111
15,2005,19138
12,2005,22293
1,2005,17700
8,2005,31355
11,2005,29247
17,2005,13142
16,2005,14237
7,2006,27485
11,2006,28307
2,2006,20186
5,2006,19950
3,2006,23567
8,2006,32276
6,2006,25147
15,2006,20420
10,2006,18314
4,2006,25987
17,2006,13063
9,2006,23509
12,2006,22041
25,2006,24858
1,2006,16952
24,2006,14188
14,2006,17277
18,2006,18420
22,2006,14864
16,2006,14297
19,2006,18885
20,2006,8180
7,2007,27459
11,2007,26557
3,2007,23116
10,2007,18339
1,2007,15651
2,2007,19368
6,2007,26998
25,2007,24732
14,2007,16360
15,2007,20352
4,2007,25464
9,2007,21719
18,2007,18151
5,2007,20821
24,2007,12995
17,2007,11935
19,2007,18590
8,2007,31109
16,2007,14155
12,2007,20920
20,2007,7303
22,2007,14980
8,2008,30861
25,2008,24801
2,2008,17782
10,2008,17726
15,2008,19127
9,2008,20962
4,2008,24976
17,2008,12566
11,2008,25694
5,2008,19246
3,2008,21621
24,2008,12854
18,2008,17732
6,2008,26042
7,2008,27430
14,2008,16527
16,2008,14994
12,2008,20506
22,2008,14299
20,2008,7022
19,2008,18514
1,2008,15851
12,2009,18145
22,2009,13554
3,2009,20556
4,2009,23057
8,2009,28641
2,2009,16762
11,2009,23463
1,2009,13395
5,2009,18014
7,2009,23392
6,2009,23354
17,2009,11651
15,2009,17934
10,2009,15924
9,2009,19405
25,2009,24991
14,2009,15734
24,2009,11849
19,2009,17052
16,2009,13573
18,2009,16078
20,2009,6301
22,2010,12770
7,2010,22620
6,2010,21402
8,2010,26527
11,2010,22590
10,2010,16134
5,2010,16290
4,2010,21221
24,2010,11266
12,2010,17267
3,2010,19708
15,2010,16714
9,2010,18525
16,2010,11954
25,2010,23059
2,2010,15970
18,2010,15199
19,2010,16181
20,2010,6106
17,2010,11288
1,2010,12528
14,2010,15196
7,2011,21260
20,2011,5758
6,2011,20667
12,2011,16730
19,2011,15481
4,2011,21439
2,2011,15343
9,2011,18464
11,2011,21612
22,2011,11699
3,2011,18466
10,2011,14977
15,2011,15535
5,2011,15971
8,2011,25389
14,2011,13477
25,2011,21313
24,2011,10220
18,2011,14554
1,2011,11831
17,2011,10465
16,2011,11372
17,2012,9794
4,2012,20030
7,2012,20335
5,2012,15459
11,2012,22083
8,2012,22726
24,2012,9635
15,2012,14579
10,2012,15229
20,2012,5750
25,2012,19908
6,2012,19461
19,2012,15776
22,2012,10925
18,2012,14358
14,2012,12672
3,2012,17864
2,2012,13633
9,2012,16841
12,2012,16031
16,2012,10998
1,2012,12260
12,2013,14116
2,2013,12850
8,2013,20307
5,2013,13988
14,2013,10815
7,2013,18227
22,2013,10292
4,2013,17958
15,2013,13822
6,2013,18341
11,2013,21962
18,2013,12923
3,2013,16061
10,2013,14006
9,2013,14925
17,2013,8569
25,2013,17837
16,2013,10643
24,2013,8751
20,2013,4911
1,2013,12216
19,2013,14081
5,2014,12609
2,2014,11570
8,2014,18303
3,2014,13787
11,2014,20679
10,2014,12589
7,2014,15709
15,2014,12950
6,2014,16556
4,2014,16731
16,2014,9572
9,2014,13553
12,2014,12624
14,2014,9468
24,2014,7563
22,2014,8836
25,2014,15664
20,2014,4343
19,2014,12213
17,2014,7452
18,2014,11521
15,2015,11759
8,2015,17353
6,2015,16082
4,2015,15894
10,2015,11804
11,2015,19532
7,2015,15781
2,2015,10781
9,2015,12765
1,2014,11578
22,2015,8775
12,2015,12358
1,2015,12005
5,2015,11369
25,2015,15088
14,2015,8953
19,2015,11577
24,2015,7051
3,2015,13090
17,2015,7743
16,2015,9439
20,2015,4278
18,2015,11384
2,2016,11464
9,2016,12690
7,2016,14238
3,2016,12372
15,2016,11442
12,2016,14085
4,2016,15036
6,2016,16242
8,2016,17577
25,2016,14589
10,2016,12612
11,2016,18657
22,2016,8644
17,2016,7793
24,2016,7366
1,2016,13744
5,2016,11655
19,2016,12263
14,2016,10342
16,2016,9473
20,2016,4408
18,2016,13228
19,2017,12082
11,2017,18068
2,2017,11660
12,2017,13531
25,2017,14302
20,2017,4605
9,2017,11783
10,2017,12546
8,2017,16593
15,2017,10224
7,2017,13847
6,2017,16582
5,2017,11779
4,2017,14788
18,2017,15124
16,2017,8952
3,2017,12729
17,2017,7929
14,2017,10083
22,2017,8384
24,2017,8226
1,2017,15425
17,2018,7670
19,2018,12325
9,2018,11109
4,2018,14261
3,2018,12165
15,2018,10121
7,2018,14356
11,2018,19287
14,2018,9415
5,2018,12044
8,2018,16485
25,2018,13454
6,2018,16589
22,2018,8514
10,2018,12680
1,2018,15720
12,2018,13190
24,2018,7758
2,2018,11951
18,2018,16239
20,2018,4973
16,2018,8814
2,2019,11277
14,2019,9299
7,2019,13754
8,2019,15750
6,2019,16915
25,2019,12986
11,2019,18741
1,2019,15314
4,2019,14085
22,2019,8279
10,2019,12517
17,2019,6771
5,2019,11396
3,2019,12532
12,2019,13203
15,2019,10026
24,2019,8037
9,2019,11045
18,2019,15183
19,2019,11854
16,2019,8324
3,2020,11064
6,2020,14134
7,2020,11798
25,2020,11355
8,2020,13211
4,2020,12349
11,2020,15087
17,2020,6056
22,2020,7194
10,2020,10134
14,2020,6680
15,2020,8928
12,2020,10222
9,2020,9307
5,2020,10294
2,2020,9553
16,2020,7601
1,2020,8428
20,2020,4107
18,2020,8888
24,2020,6854
19,2020,9448
2,2021,9638
15,2021,8049
10,2021,9201
3,2021,10614
4,2021,12481
6,2021,13625
11,2021,14050
7,2021,10584
14,2021,6871
8,2021,12914
22,2021,7042
9,2021,9158
5,2021,9650
25,2021,10892
17,2021,5756
20,2021,4247
1,2021,9217
12,2021,10938
16,2021,7911
24,2021,6904
19,2021,9715
18,2021,10177
7,2022,10347
2,2022,11841
11,2022,13526
10,2022,10033
15,2022,8335
5,2022,9833
1,2022,13107
22,2022,7715
6,2022,14754
12,2022,14412
25,2022,12016
9,2022,10410
8,2022,14872
14,2022,8192
3,2022,11963
4,2022,14008
19,2022,12316
17,2022,7022
18,2022,12490
16,2022,9287
20,2022,4989
24,2022,8508
12,2023,15974
9,2023,11670
5,2023,10516
2,2023,13575
15,2023,8276
7,2023,10885
11,2023,14441
1,2023,14365
3,2023,13236
6,2023,15840
24,2023,9369
25,2023,14038
4,2023,15010
22,2023,8271
10,2023,11071
20,2023,5598
17,2023,7865
8,2023,17031
16,2023,9799
19,2023,13754
18,2023,13327
14,2023,9365
3,2024,13140
8,2024,17271
7,2024,10771
15,2024,8770
11,2024,13655
6,2024,14862
12,2024,16202
9,2024,11350
4,2024,13717
10,2024,10551
22,2024,7976
1,2024,14906
20,2024,5675
17,2024,7989
2,2024,13182
5,2024,10248
24,2024,8825
25,2024,13277
14,2024,9895
16,2024,9084
18,2024,13562
19,2024,14123
6,2025,13573
10,2025,9517
12,2025,14901
15,2025,7821
8,2025,15219
11,2025,12931
4,2025,13085
20,2025,4996
9,2025,10484
25,2025,11548
3,2025,12722
1,2025,13692
5,2025,9273
16,2025,8084
2,2025,12708
22,2025,7627
7,2025,10114
24,2025,7602
18,2025,13201
17,2025,7298
19,2025,12525
14,2025,8028
3,2026,3114
7,2026,2242
8,2026,3485
5,2026,2100
11,2026,2841
1,2026,3125
4,2026,2949
22,2026,1655
10,2026,2184
12,2026,3602
15,2026,1797
25,2026,2780
14,2026,2039
6,2026,3083
2,2026,3197
24,2026,1733
19,2026,3022
9,2026,2562
17,2026,1688
18,2026,2979
31,2002,9
31,2003,11
21,2003,1
31,2004,6
21,2004,3
0,2004,2
31,2005,5
0,2005,1
31,2006,7
0,2006,1
31,2007,15
31,2008,22
0,2008,40
0,2007,2
31,2009,22
31,2010,25
31,2011,21
31,2012,4
31,2013,6
31,2014,3
31,2015,9
31,2016,16
31,2017,2
0,2017,1
31,2018,12
20,2019,4395
31,2019,7
31,2020,4
31,2021,16
31,2022,15
31,2023,15
31,2024,13
31,2025,12
20,2026,1164
16,2026,1887
