LocationDescription,Total_Crime,Total_Arrest
ABANDONED BUILDING,12251,5951
AIRCRAFT,17314,5050
AIRPORT BUILDING NON-TERMINAL - NON-SECURE AREA,1597,256
AIRPORT BUILDING NON-TERMINAL - SECURE AREA,943,145
AIRPORT EXTERIOR - NON-SECURE AREA,1351,235
AIRPORT EXTERIOR - SECURE AREA,644,121
AIRPORT PARKING LOT,1954,155
AIRPORT TERMINAL LOWER LEVEL - NON-SECURE AREA,2772,1348
AIRPORT TERMINAL LOWER LEVEL - SECURE AREA,1202,152
AIRPORT TERMINAL MEZZANINE - NON-SECURE AREA,158,28
AIRPORT TERMINAL UPPER LEVEL - NON-SECURE AREA,1382,525
AIRPORT TERMINAL UPPER LEVEL - SECURE AREA,5851,1467
AIRPORT TRANSPORTATION SYSTEM (ATS),186,28
AIRPORT VENDING ESTABLISHMENT,1020,146
ALLEY,189543,79453
ANIMAL HOSPITAL,918,101
APARTMENT,1023276,154495
APPLIANCE STORE,2698,753
ATHLETIC CLUB,10463,508
ATM (AUTOMATIC TELLER MACHINE),8772,153
AUTO,1329,526
AUTO / BOAT / RV DEALERSHIP,1736,128
BANK,33492,4742
BANQUET HALL,2,2
BAR OR TAVERN,48126,9548
BARBER SHOP/BEAUTY SALON,26,13
BARBERSHOP,8850,1100
BASEMENT,35,23
BEACH,1,1
BOAT / WATERCRAFT,878,141
BOWLING ALLEY,829,159
BRIDGE,534,205
CAR WASH,3665,627
CASINO/GAMBLING ESTABLISHMENT,127,39
CEMETARY,441,72
CHA APARTMENT,40800,12365
CHA BREEZEWAY,3,2
CHA ELEVATOR,3,0
CHA GROUNDS,50,36
CHA HALLWAY,38,32
CHA HALLWAY / STAIRWELL / ELEVATOR,26030,17995
CHA LOBBY,9,7
CHA PARKING LOT,60,33
CHA PARKING LOT / GROUNDS,58736,39722
CHA PLAY LOT,4,4
CHA STAIRWELL,10,5
CHURCH,3,1
CHURCH / SYNAGOGUE / PLACE OF WORSHIP,18099,2108
CHURCH PROPERTY,2,1
CLEANERS/LAUNDROMAT,1,0
CLEANING STORE,5383,812
CLUB,14,11
COACH HOUSE,3,3
COIN OPERATED MACHINE,1181,226
COLLEGE / UNIVERSITY - GROUNDS,6260,1506
COLLEGE / UNIVERSITY - RESIDENCE HALL,1540,511
COMMERCIAL / BUSINESS OFFICE,71163,6431
CONSTRUCTION SITE,14416,1729
CONVENIENCE STORE,28622,8281
COUNTY JAIL,2,2
CREDIT UNION,596,72
"CTA L"" PLATFORM",14,11
"CTA L"" TRAIN",14,12
CTA BUS,27995,5340
CTA BUS STOP,9024,2181
CTA GARAGE / OTHER PROPERTY,10275,4052
CTA PARKING LOT / GARAGE / OTHER PROPERTY,1018,111
CTA PLATFORM,41728,24037
CTA PROPERTY,13,9
CTA STATION,8118,3310
CTA SUBWAY STATION,2,2
CTA TRACKS - RIGHT OF WAY,203,110
CTA TRAIN,35360,5902
CURRENCY EXCHANGE,12525,2880
DAY CARE CENTER,3844,302
DELIVERY TRUCK,962,140
DEPARTMENT STORE,114343,57486
DRIVEWAY,28,10
DRIVEWAY - RESIDENTIAL,25076,2289
DRUG STORE,40533,19159
DUMPSTER,7,4
ELEVATOR,2,2
EXPRESSWAY EMBANKMENT,1,0
FACTORY,2,2
FACTORY / MANUFACTURING BUILDING,7671,1142
FARM,12,0
FEDERAL BUILDING,1122,316
FIRE STATION,1338,130
FOREST PRESERVE,477,149
FUNERAL PARLOR,1,1
GANGWAY,74,40
GARAGE,66,32
GARAGE/AUTO REPAIR,7,2
GAS STATION,95285,33104
GAS STATION DRIVE/PROP.,69,30
GOVERNMENT BUILDING,2,2
GOVERNMENT BUILDING / PROPERTY,17712,6050
GROCERY FOOD STORE,106287,53534
HALLWAY,107,62
HIGHWAY / EXPRESSWAY,1387,601
HORSE STABLE,3,1
HOSPITAL,18,8
HOSPITAL BUILDING / GROUNDS,30623,6774
HOTEL,28,23
HOTEL / MOTEL,37224,9763
HOUSE,647,476
JAIL / LOCK-UP FACILITY,1336,810
JUNK YARD/GARBAGE DUMP,1,1
KENNEL,22,2
LAGOON,1,0
LAKE,6,4
LAKEFRONT / WATERFRONT / RIVERBANK,1744,292
LAUNDRY ROOM,2,2
LIBRARY,7766,2176
LIQUOR STORE,11,7
LIVERY AUTO,1,1
LIVERY STAND OFFICE,2,2
LOADING DOCK,1,0
MEDICAL / DENTAL OFFICE,9271,920
MOVIE HOUSE / THEATER,3166,795
NEWSSTAND,245,42
NURSING / RETIREMENT HOME,19232,1356
OFFICE,18,12
OTHER,295652,50786
OTHER COMMERCIAL TRANSPORTATION,3625,1081
OTHER RAILROAD PROPERTY / TRAIN DEPOT,6771,3553
PARK PROPERTY,64044,20136
PARKING LOT,287,144
PARKING LOT / GARAGE (NON RESIDENTIAL),252904,44614
PAWN SHOP,773,139
POLICE FACILITY,1,0
POLICE FACILITY / VEHICLE PARKING LOT,23180,14731
POOL ROOM,1008,128
PORCH,395,165
PRAIRIE,2,0
PUBLIC GRAMMAR SCHOOL,2,1
PUBLIC HIGH SCHOOL,2,2
RAILROAD PROPERTY,18,5
RESIDENCE,1396203,182960
RESIDENCE - GARAGE,150860,8460
RESIDENCE - PORCH / HALLWAY,143568,39605
RESIDENCE - YARD (FRONT / BACK),91720,17477
RESTAURANT,144092,26523
RETAIL STORE,98,71
RIVER,4,0
RIVER BANK,6,3
ROOF,1,1
ROOMING HOUSE,2,2
SAVINGS AND LOAN,399,75
SCHOOL - PRIVATE BUILDING,15468,2858
SCHOOL - PRIVATE GROUNDS,6031,1149
SCHOOL - PUBLIC BUILDING,154853,44785
SCHOOL - PUBLIC GROUNDS,37953,8134
SCHOOL YARD,16,10
SEWER,3,2
SIDEWALK,767015,373419
SMALL RETAIL STORE,173259,42277
SPORTS ARENA / STADIUM,6169,2203
STAIRWELL,28,13
STREET,2229677,585670
TAVERN,40,22
TAVERN / LIQUOR STORE,25520,10191
TAXI CAB,7837,1589
TRAILER,4,2
TRUCK,8,4
TRUCKING TERMINAL,1,0
UNKNOWN,15879,48
VACANT LOT,146,55
VACANT LOT / LAND,28956,10121
VEHICLE - COMMERCIAL,7105,965
VEHICLE - COMMERCIAL: ENTERTAINMENT / PARTY BUS,29,3
VEHICLE - COMMERCIAL: TROLLEY BUS,35,2
VEHICLE - DELIVERY TRUCK,462,18
VEHICLE - OTHER RIDE SERVICE,330,34
"VEHICLE - OTHER RIDE SHARE SERVICE (LYFT, UBER, ETC.)",1130,88
VEHICLE NON-COMMERCIAL,135176,38958
VESTIBULE,28,14
WAREHOUSE,10815,2362
WOODED AREA,6,2
YARD,329,122
YMCA,3,3
